"","Exercise","EnoughSleep"
"1","High","Yes"
"2","High","Yes"
"3","High","Yes"
"4","High","Yes"
"5","High","Yes"
"6","High","Yes"
"7","High","Yes"
"8","High","Yes"
"9","High","Yes"
"10","High","Yes"
"11","High","Yes"
"12","High","Yes"
"13","High","Yes"
"14","High","Yes"
"15","High","Yes"
"16","High","Yes"
"17","High","Yes"
"18","High","Yes"
"19","High","Yes"
"20","High","Yes"
"21","High","Yes"
"22","High","Yes"
"23","High","Yes"
"24","High","Yes"
"25","High","Yes"
"26","High","Yes"
"27","High","Yes"
"28","High","Yes"
"29","High","Yes"
"30","High","Yes"
"31","High","Yes"
"32","High","Yes"
"33","High","Yes"
"34","High","Yes"
"35","High","Yes"
"36","High","Yes"
"37","High","Yes"
"38","High","Yes"
"39","High","Yes"
"40","High","Yes"
"41","High","Yes"
"42","High","Yes"
"43","High","Yes"
"44","High","Yes"
"45","High","Yes"
"46","High","Yes"
"47","High","Yes"
"48","High","Yes"
"49","High","Yes"
"50","High","Yes"
"51","High","Yes"
"52","High","Yes"
"53","High","Yes"
"54","High","Yes"
"55","High","Yes"
"56","High","Yes"
"57","High","Yes"
"58","High","Yes"
"59","High","Yes"
"60","High","Yes"
"61","High","Yes"
"62","High","Yes"
"63","High","Yes"
"64","High","Yes"
"65","High","Yes"
"66","High","Yes"
"67","High","Yes"
"68","High","Yes"
"69","High","Yes"
"70","High","Yes"
"71","High","Yes"
"72","High","Yes"
"73","High","Yes"
"74","High","Yes"
"75","High","Yes"
"76","High","Yes"
"77","High","Yes"
"78","High","Yes"
"79","High","Yes"
"80","High","Yes"
"81","High","Yes"
"82","High","Yes"
"83","High","Yes"
"84","High","Yes"
"85","High","Yes"
"86","High","Yes"
"87","High","Yes"
"88","High","Yes"
"89","High","Yes"
"90","High","Yes"
"91","High","Yes"
"92","High","Yes"
"93","High","Yes"
"94","High","Yes"
"95","High","Yes"
"96","High","Yes"
"97","High","Yes"
"98","High","Yes"
"99","High","Yes"
"100","High","Yes"
"101","High","Yes"
"102","High","Yes"
"103","High","Yes"
"104","High","Yes"
"105","High","Yes"
"106","High","Yes"
"107","High","Yes"
"108","High","Yes"
"109","High","Yes"
"110","High","Yes"
"111","High","Yes"
"112","High","Yes"
"113","High","Yes"
"114","High","Yes"
"115","High","Yes"
"116","High","Yes"
"117","High","Yes"
"118","High","Yes"
"119","High","Yes"
"120","High","Yes"
"121","High","Yes"
"122","High","Yes"
"123","High","Yes"
"124","High","Yes"
"125","High","Yes"
"126","High","Yes"
"127","High","Yes"
"128","High","Yes"
"129","High","Yes"
"130","High","Yes"
"131","High","Yes"
"132","High","Yes"
"133","High","Yes"
"134","High","Yes"
"135","High","Yes"
"136","High","Yes"
"137","High","Yes"
"138","High","Yes"
"139","High","Yes"
"140","High","Yes"
"141","High","Yes"
"142","High","Yes"
"143","High","Yes"
"144","High","Yes"
"145","High","Yes"
"146","High","Yes"
"147","High","Yes"
"148","High","Yes"
"149","High","Yes"
"150","High","Yes"
"151","High","Yes"
"152","Low","Yes"
"153","Low","Yes"
"154","Low","Yes"
"155","Low","Yes"
"156","Low","Yes"
"157","Low","Yes"
"158","Low","Yes"
"159","Low","Yes"
"160","Low","Yes"
"161","Low","Yes"
"162","Low","Yes"
"163","Low","Yes"
"164","Low","Yes"
"165","Low","Yes"
"166","Low","Yes"
"167","Low","Yes"
"168","Low","Yes"
"169","Low","Yes"
"170","Low","Yes"
"171","Low","Yes"
"172","Low","Yes"
"173","Low","Yes"
"174","Low","Yes"
"175","Low","Yes"
"176","Low","Yes"
"177","Low","Yes"
"178","Low","Yes"
"179","Low","Yes"
"180","Low","Yes"
"181","Low","Yes"
"182","Low","Yes"
"183","Low","Yes"
"184","Low","Yes"
"185","Low","Yes"
"186","Low","Yes"
"187","Low","Yes"
"188","Low","Yes"
"189","Low","Yes"
"190","Low","Yes"
"191","Low","Yes"
"192","Low","Yes"
"193","Low","Yes"
"194","Low","Yes"
"195","Low","Yes"
"196","Low","Yes"
"197","Low","Yes"
"198","Low","Yes"
"199","Low","Yes"
"200","Low","Yes"
"201","Low","Yes"
"202","Low","Yes"
"203","Low","Yes"
"204","Low","Yes"
"205","Low","Yes"
"206","Low","Yes"
"207","Low","Yes"
"208","Low","Yes"
"209","Low","Yes"
"210","Low","Yes"
"211","Low","Yes"
"212","Low","Yes"
"213","Low","Yes"
"214","Low","Yes"
"215","Low","Yes"
"216","Low","Yes"
"217","Low","Yes"
"218","Low","Yes"
"219","Low","Yes"
"220","Low","Yes"
"221","Low","Yes"
"222","Low","Yes"
"223","Low","Yes"
"224","Low","Yes"
"225","Low","Yes"
"226","Low","Yes"
"227","Low","Yes"
"228","Low","Yes"
"229","Low","Yes"
"230","Low","Yes"
"231","Low","Yes"
"232","Low","Yes"
"233","Low","Yes"
"234","Low","Yes"
"235","Low","Yes"
"236","Low","Yes"
"237","Low","Yes"
"238","Low","Yes"
"239","Low","Yes"
"240","Low","Yes"
"241","Low","Yes"
"242","Low","Yes"
"243","Low","Yes"
"244","Low","Yes"
"245","Low","Yes"
"246","Low","Yes"
"247","Low","Yes"
"248","Low","Yes"
"249","Low","Yes"
"250","Low","Yes"
"251","Low","Yes"
"252","Low","Yes"
"253","Low","Yes"
"254","Low","Yes"
"255","Low","Yes"
"256","Low","Yes"
"257","Low","Yes"
"258","Low","Yes"
"259","Low","Yes"
"260","Low","Yes"
"261","Low","Yes"
"262","Low","Yes"
"263","Low","Yes"
"264","Low","Yes"
"265","Low","Yes"
"266","Low","Yes"
"267","High","No"
"268","High","No"
"269","High","No"
"270","High","No"
"271","High","No"
"272","High","No"
"273","High","No"
"274","High","No"
"275","High","No"
"276","High","No"
"277","High","No"
"278","High","No"
"279","High","No"
"280","High","No"
"281","High","No"
"282","High","No"
"283","High","No"
"284","High","No"
"285","High","No"
"286","High","No"
"287","High","No"
"288","High","No"
"289","High","No"
"290","High","No"
"291","High","No"
"292","High","No"
"293","High","No"
"294","High","No"
"295","High","No"
"296","High","No"
"297","High","No"
"298","High","No"
"299","High","No"
"300","High","No"
"301","High","No"
"302","High","No"
"303","High","No"
"304","High","No"
"305","High","No"
"306","High","No"
"307","High","No"
"308","High","No"
"309","High","No"
"310","High","No"
"311","High","No"
"312","High","No"
"313","High","No"
"314","High","No"
"315","High","No"
"316","High","No"
"317","High","No"
"318","High","No"
"319","High","No"
"320","High","No"
"321","High","No"
"322","High","No"
"323","High","No"
"324","High","No"
"325","High","No"
"326","High","No"
"327","High","No"
"328","High","No"
"329","High","No"
"330","High","No"
"331","High","No"
"332","High","No"
"333","High","No"
"334","High","No"
"335","High","No"
"336","High","No"
"337","High","No"
"338","High","No"
"339","High","No"
"340","High","No"
"341","High","No"
"342","High","No"
"343","High","No"
"344","High","No"
"345","High","No"
"346","High","No"
"347","High","No"
"348","High","No"
"349","High","No"
"350","High","No"
"351","High","No"
"352","High","No"
"353","High","No"
"354","High","No"
"355","High","No"
"356","High","No"
"357","High","No"
"358","High","No"
"359","High","No"
"360","High","No"
"361","High","No"
"362","High","No"
"363","High","No"
"364","High","No"
"365","High","No"
"366","High","No"
"367","High","No"
"368","High","No"
"369","High","No"
"370","High","No"
"371","High","No"
"372","High","No"
"373","High","No"
"374","High","No"
"375","High","No"
"376","High","No"
"377","High","No"
"378","High","No"
"379","High","No"
"380","High","No"
"381","High","No"
"382","High","No"
"383","High","No"
"384","High","No"
"385","High","No"
"386","High","No"
"387","High","No"
"388","High","No"
"389","High","No"
"390","High","No"
"391","High","No"
"392","High","No"
"393","High","No"
"394","High","No"
"395","High","No"
"396","High","No"
"397","High","No"
"398","High","No"
"399","High","No"
"400","High","No"
"401","High","No"
"402","High","No"
"403","High","No"
"404","High","No"
"405","High","No"
"406","High","No"
"407","High","No"
"408","High","No"
"409","High","No"
"410","High","No"
"411","High","No"
"412","High","No"
"413","High","No"
"414","High","No"
"415","Low","No"
"416","Low","No"
"417","Low","No"
"418","Low","No"
"419","Low","No"
"420","Low","No"
"421","Low","No"
"422","Low","No"
"423","Low","No"
"424","Low","No"
"425","Low","No"
"426","Low","No"
"427","Low","No"
"428","Low","No"
"429","Low","No"
"430","Low","No"
"431","Low","No"
"432","Low","No"
"433","Low","No"
"434","Low","No"
"435","Low","No"
"436","Low","No"
"437","Low","No"
"438","Low","No"
"439","Low","No"
"440","Low","No"
"441","Low","No"
"442","Low","No"
"443","Low","No"
"444","Low","No"
"445","Low","No"
"446","Low","No"
"447","Low","No"
"448","Low","No"
"449","Low","No"
"450","Low","No"
"451","Low","No"
"452","Low","No"
"453","Low","No"
"454","Low","No"
"455","Low","No"
"456","Low","No"
"457","Low","No"
"458","Low","No"
"459","Low","No"
"460","Low","No"
"461","Low","No"
"462","Low","No"
"463","Low","No"
"464","Low","No"
"465","Low","No"
"466","Low","No"
"467","Low","No"
"468","Low","No"
"469","Low","No"
"470","Low","No"
"471","Low","No"
"472","Low","No"
"473","Low","No"
"474","Low","No"
"475","Low","No"
"476","Low","No"
"477","Low","No"
"478","Low","No"
"479","Low","No"
"480","Low","No"
"481","Low","No"
"482","Low","No"
"483","Low","No"
"484","Low","No"
"485","Low","No"
"486","Low","No"
"487","Low","No"
"488","Low","No"
"489","Low","No"
"490","Low","No"
"491","Low","No"
"492","Low","No"
"493","Low","No"
"494","Low","No"
"495","Low","No"
"496","Low","No"
"497","Low","No"
"498","Low","No"
"499","Low","No"
"500","Low","No"
"501","Low","No"
"502","Low","No"
"503","Low","No"
"504","Low","No"
"505","Low","No"
"506","Low","No"
"507","Low","No"
"508","Low","No"
"509","Low","No"
"510","Low","No"
"511","Low","No"
"512","Low","No"
"513","Low","No"
"514","Low","No"
"515","Low","No"
"516","Low","No"
"517","Low","No"
"518","Low","No"
"519","Low","No"
"520","Low","No"
"521","Low","No"
"522","Low","No"
"523","Low","No"
"524","Low","No"
"525","Low","No"
"526","Low","No"
"527","Low","No"
"528","Low","No"
"529","Low","No"
"530","Low","No"
"531","Low","No"
"532","Low","No"
"533","Low","No"
"534","Low","No"
"535","Low","No"
"536","Low","No"
"537","Low","No"
"538","Low","No"
"539","Low","No"
"540","Low","No"
"541","Low","No"
"542","Low","No"
"543","Low","No"
"544","Low","No"
"545","Low","No"
"546","Low","No"
"547","Low","No"
"548","Low","No"
"549","Low","No"
"550","Low","No"
"551","Low","No"
"552","Low","No"
"553","Low","No"
"554","Low","No"
"555","Low","No"
"556","Low","No"
"557","Low","No"
"558","Low","No"
"559","Low","No"
"560","Low","No"
"561","Low","No"
"562","Low","No"
"563","Low","No"
"564","Low","No"
"565","Low","No"
"566","Low","No"
"567","Low","No"
"568","Low","No"
"569","Low","No"
"570","Low","No"
"571","Low","No"
"572","Low","No"
"573","Low","No"
"574","Low","No"
"575","Low","No"
"576","Low","No"
"577","Low","No"
"578","Low","No"
"579","Low","No"
"580","Low","No"
"581","Low","No"
"582","Low","No"
"583","Low","No"
"584","Low","No"
"585","Low","No"
"586","Low","No"
"587","Low","No"
"588","Low","No"
"589","Low","No"
"590","Low","No"
"591","Low","No"
"592","Low","No"
"593","Low","No"
"594","Low","No"
"595","Low","No"
"596","Low","No"
"597","Low","No"
"598","Low","No"
"599","Low","No"
"600","Low","No"
"601","Low","No"
"602","Low","No"
"603","Low","No"
"604","Low","No"
"605","Low","No"
"606","Low","No"
"607","Low","No"
"608","Low","No"
"609","Low","No"
"610","Low","No"
"611","Low","No"
"612","Low","No"
"613","Low","No"
"614","Low","No"
"615","Low","No"
"616","Low","No"
"617","Low","No"
"618","Low","No"
"619","Low","No"
"620","Low","No"
"621","Low","No"
"622","Low","No"
"623","Low","No"
"624","Low","No"
"625","Low","No"
"626","Low","No"
"627","Low","No"
"628","Low","No"
"629","Low","No"
"630","Low","No"
"631","Low","No"
"632","Low","No"
"633","Low","No"
"634","Low","No"
"635","Low","No"
"636","Low","No"
"637","Low","No"
"638","Low","No"
"639","Low","No"
"640","Low","No"
"641","Low","No"
"642","Low","No"
"643","Low","No"
"644","Low","No"
"645","Low","No"
"646","Low","No"
"647","Low","No"
"648","Low","No"
"649","Low","No"
"650","Low","No"
"651","Low","No"
"652","Low","No"
"653","Low","No"
"654","Low","No"
"655","Low","No"
"656","Low","No"
